Topics,Processes,Binaries
9/11,Adapt,Active/Passive
Abortion,Add,Air/Earth
Abstraction,Aduce,Alien/Familiar
Abuse of Power,Alphabetize,Ancient/Modern
Acculturation,Amass,Belonging/Alienating
Achromatic,Analogize,Black/White
Activism,Analyze,Chaos/Order
Adam and Eve,Appropriate,Circles/Squares
Addiction,Argue,Clean/Dirty
Adoption,Arrange,Comedy/Tragedy
Advertising,Ask,Dark/Light
Aesthetics,Assemble,Dominance/Subordinance
Affect,Assess,Dominance/Submission
Afghan War,Assimilate,Earth/Moon
Agriculture,Atomize,East/West
Air,Authorize,Figure/Ground
Air/Water/Earth/Fire,Bend,Fire/Water
Airplane,Bind,Flesh/Bone
Alchemy,Blacken,Foreign/Domestic
Algorhythms,Blur,Forward/Backward
Alienation,Bond,Freedom/Slavery
Altered States,Bounce,Global/Local
Ambience,Break,Good/Evil
Americana,Break Down,Health/Illness
American Dream,Bundle,Heaven/Earth
American Exceptionalism,Burn,Historical/Ahistorical
American History,Calculate,Hot/Cold
American Imperialism,Categorize,Human/Animal
American West,Centralize,Infinity/Finity
Analog,Chance,Inside/Outside
Analog Technology,Char,Inside the Body/Outside the Body
Anarchy,Chip,Irregular/Regular
Ancestor,Clean,Joy/Sadness
Ancestry,Close,Knowing/Unknowing
Ancient Civilization,Collect,Knowledge/Ignorance
Angel,Color,Left/Right
Anger,Combine,Left Brain/Right Brain
Anima,Compare,Life/Death
Anime,Compartmentalize,Macro/Micro
Animatronics,Complicate,Male/Female
Animal Rights,Compliment,Masculine/Feminine
Animals,Concentrate,Mania/Depression
Animus,Conclude,Modern/Postmodern
Anorexia,Condense,Mother/Father
Ant,Confirm,Movement/Stasis
Anthropology,Conjecture,Natural/Unnatural
Antiquity,Constrain,Night/Day
Ape,Construct,Noise/Silence
Apocalypse,Continue,North/South
Apple,Contract,Occidental/Oriental
Appropriation,Contradict,Old/New
Apron,Contrast,Organic/Inorganic
Arachnids,Copy,Past/Future
Archeology,Count,Pleasure/Pain
Archetypes,Cover,Production/Consumption
Architecture,Crease,Religion/Atheism
Archive,Critique,Remembering/Forgetting
Aristocracy,Crop,Rhythmic/Arrhythmic
Arm,Crumple,Rich/Poor
Art History,Crush,Ritual/Quotidian
Artificial Intelligence,Curate,Sacred/Profane
Ascent,Curve,Sanity/Insanity
Ashes,Cut,Sexual/Asexual
Astrology,Cut and Paste,Science/Art
Astronomy,Dapple,Sphere/Cube
Astrophysics,Darken,Stillness/Restlessness
Athletics,Decentralize,Stubborn/Flexible
Atmosphere,Deduce,Solid/Liquid
Atonal,Define,Synchronic/Diachronic
Attic,Delete,Terra Firma/Terra Incognita
Audio,Describe,Tonal/Atonal
Augmented Reality,Design,Tradition/Revolution
Automobiles,Dictate,Travel/Home
Avant-Garde,Differ,Up/Down
Ax,Dig,Urban/Rural
Baggage,Dilute,War/Peace
Baldness,Dirty,Wet/Dry
Baseball,Disarrange,Writing/Speaking
Basement,Disassemble,Text/Images
Basket,Discard,
Basketball,Discolor,
Bat,Discover,
Bath,Discuss,
Bathing,Disengage,
Batman,Disperse,
Beach,Disseminate,
Beard,Distill,
Beasts of Burden,Distort,
Beauty,Distribute,
Bed,Doodle,
Bedroom,Double,
Beggar,Doubt,
Behaviorism,Draw,
Beliefs,Dream,
Bell,Droop,
Belonging,Drop,
Betrayal,Eliminate,
Bible,Emote,
Biblical Stories,Empathize,
Bicycle,Encase,
Big Agriculture,Encircle,
Big Pharma,Enclose,
Bile,Enlarge,
Bill of Rights,Erase,
Binary Code,Estimate,
Binding,Evaluate,
Bindu,Exemplify,
Biodiversity,Expand,
Bioengineering,Experiment,
Biological Evolution,Fix,
Bird,Flip,
Birth,Flood,
Bisexuality,Flow,
Black,Fold,
Black Lives Matter,Force,
Black Power,Forget,
Blanket,Free Associate,
Blessing,Gather,
Blood,Generalize,
Blue,Get Lost,
Blues Music,Glue,
Boat,Grasp,
Bodily Fluids,Grate,
Body,Greaten,
Body Dysmorphia,Grid,
Body Image,Hang,
Bog,Heap,
Bone,Hide,
Book,Hinge,
Bookcase,Hole,
Bookshelf,Hook,
Borders,Ideate,
Boredom,Ignore,
Boundaries,Imagine,
Bow and Arrow,Imitate,
Brain,Impress,
Bread,Induce,
Breast,Infer,
Breathe,Inlay,
Bridge,Inquire,
Broom,Integrate,
Brotherhood,Intend,
Brown,Interpret,
Bubble,Interview,
Buddhism,Invent,
Buildings,Invert,
Bull,Isolate,
Burger,Join,
Burial,Judge,
Butterfly,Knot,
Bystander,Laminate,
Upstander,Layer,
Cain and Abel,Learn,
Calendar,Lengthen,
Camping,Lessen,
Cancer,Lift,
Candle,Lighten,
Capital Punishment,Limit,
Capitalism,List,
Car,Listen,
Carpet,Map,
Cartesian Coordinate System,Mark,
Cartesian Dualism,Masticate,
Cartography,Match,
Castle,Measure,
Cave,Meld,
Celebrity,Melt,
Cellar,Memorize,
Chain,Metaphorize,
Chair,Mind Map,
Chakras,Mix,
Chance,Modulate,
Chaos,Number,
Charts,Observe,
Childhood,Open,
Childhood Stories,Order,
Childhood Trauma,Overlay,
Christianity,Pair,
Church,Pattern,
Cigarette Lighter,Pierce,
Cinema,Pile,
Circumstance,Pixelate,
Citizenship,Propose,
City,Protest,
Civil Contract,Quadruple,
Civil Rights,Question,
Civil War,Randomize,
Civil War Monuments,Read,
Clam,Reason,
Clash of Cultures,Reassemble,
Classicism,Rebuild,
Classic Texts,Recall,
Class Systems,Recolor,
Claw,Recontextualize,
Cloister,Recreate,
Clones,Redesign,
Cloud,Redo,
Cobra,Refer,
Cockroach,Reiterate,
Coffin,Reject,
Cold War,Remap,
Collective Amnesia,Remember,
Collective Intimacy,Remove,
Collective Memory,Repair,
Collective Unconscious,Repeat,
Colonialism,Reroute,
Color,Reshape,
Column,Rest,
Comb,Rethink,
Comet,Return,
Commercialism,Reveal,
Commonwealth,Reverse,
Communism,Rip,
Community,Roll,
Compass,Rotate,
Conceptualism,Rush,
Consciousness,Scatter,
Conservation,Scratch,
Conservatism,Scribble,
Conspicuous Consumption,Search,
Conspiracy,Separate,
Constriction,Sever,
Construction,Shape,
Consumerism,Share,
Consumption,Shave,
Contemporary Slavery,Shorten,
Contingency,Simplify,
Contraction,Skew,
Copernicus,Slow Down,
Copy,Smear,
Copyright,Smell,
Corporate Malfeasance,Specify,
Corporations,Speed Up,
Corporeal vs. Digital,Spill,
Corruption,Splash,
Cosmologies,Split,
Cosmos,Spray,
Cow,Spread,
Coyote,Squeeze,
Crab,Start Over,
Crack,Steal,
Cradle,Stop,
Craft,Store,
Creation,Stretch,
Cremation,Subtract,
Crescent,Support,
Crime,Surfeit,
Cripple,Surround,
Crocodile,Suspend,
Crossroads,Swirl,
Crow,Synthesize,
Crown,Systematize,
Crucifixion,Tangle,
Cruelty,Taste,
Crystal,Teach,
Cults,Tear,
Cultural Regression,Theorize,
Cultural Tradition,Think,
Culture,Tie,
Culture Jam,Tighten,
Curation,Tilt,
Cybersecurity,Touch,
Cyborgs,Translate,
Cyclops,Triple,
Dagger,Try,
Dakini,Twist,
Dance,Unauthorize,
Danger,Uncover,
Darkness,Underlay,
Darkness,Unintend,
Data,Unlearn,
Dawn,Untangle,
Death,Upside Down,
Decomposition,Wash,
Deconstruction,Weave,
Deep State,Whiten,
Deer,Widen,
Delirium,Wonder,
Democracy,Work,
"Descarte, Rene",Wrap,
Descent,Write,
Desert,Zoom,
Design,,
Desire,,
Destruction,,
Deterioration/Decay,,
Deviance,,
Devils,,
Devolution,,
Dew,,
Difference,,
Digital Avatars,,
Digital Reality,,
Digital Technology,,
Dingbats,,
Dirt,,
Discipline,,
Disease,,
Disgust,,
Dishonesty,,
Dismemberment,,
Displacement,,
Dissidence,,
Dissonance,,
Doctor,,
Document,,
Documentary,,
Dog,,
Dolphin,,
Domestic Animals,,
Domesticity,,
Domestic Life,,
Domestic Violence,,
Donkey,,
Door,,
Dot,,
Dove,,
Dracula,,
Dragon,,
Dreams,,
Driver’s License,,
Drone,,
Drowning,,
Drug Abuse,,
Drugs,,
Drum,,
Dusk,,
Dust,,
Dystopia,,
Eagle,,
Ear,,
Earings,,
Earth,,
Eclipse,,
Ecology,,
Economic Inequality,,
Economics,,
Eco-tourism,,
Ecstasy,,
Education,,
Egg,,
Electricity,,
Elephant,,
Emigration,,
Emotional Pain,,
Empire,,
Empiricism,,
Encyclopedia,,
Engineering,,
Entomology,,
Environmentalism,,
Ephemerality,,
Epidemics,,
Epistemology,,
Ethics,,
Ethnicity,,
Etymology,,
Everyday,,
Evil,,
Evolution,,
Evolutionary Theory,,
Excavation,,
Exclusion,,
Excrement,,
Exhibition,,
Exhibitionism,,
Exile,,
Existentialism,,
Expansion,,
Exploitation,,
Expression,,
Eye,,
Eye Chart,,
Fables,,
Failure,,
Fairy Tales,,
Fake,,
Fake News,,
Falcon,,
Falling,,
Family,,
Family Disintegration,,
Family Dysfunction,,
Family History,,
Family Values,,
Famine,,
Farming,,
Fascism,,
Fashion,,
Fast Food,,
Fate,,
Fear,,
Feather,,
Feet,,
Feminism,,
Figures of Power,,
Film,,
Film Genre,,
Film Noir,,
Fingers,,
Fire,,
Fish,,
Flesh,,
Flood,,
Flower,,
Flowers,,
Flute,,
Fly,,
Fog,,
Food,,
Food Deserts,,
Foot,,
Football,,
Footwear,,
Forensics,,
Forest,,
Forgetting,,
Form,,
Fountain,,
Four Humors,,
Fourth Estate,,
Fox,,
Frankenstein,,
Fraternity,,
Freedom,,
Freedom of Speech,,
Freeways,,
Free Will,,
"Freud, Sigmund",,
Friendship,,
Frog,,
Funk/Soul Music,,
Furies,,
Futurism,,
Games,,
Game Theory,,
Ganesha,,
Garbage,,
Garden,,
Gate,,
Gender,,
Gender Disparity,,
Gender Fluidity,,
Genetic Engineering,,
Genocide,,
Genre,,
Gentrification,,
Geography,,
Geopolitics,,
Ghost,,
Giant,,
Glass,,
Globalism,,
Global Movement,,
Global Warming,,
Gluttony,,
Goat,,
God,,
Gold Ball,,
Gossip,,
Gothic,,
Government,,
Grail,,
Grape,,
Gratefulness,,
Gray,,
Greed,,
Great Cats,,
Great Flood,,
Green,,
Grid,,
Guilt,,
Gun,,
Hair,,
Hammer,,
Hand,,
Hanging,,
Hare,,
Harp,,
Hat,,
Hate,,
Head,,
Headdress,,
Healthcare,,
Heart,,
Hearth,,
Heaven,,
Hell,,
Helmet,,
Hen,,
Hero,,
Heroine,,
Hero’s Journey,,
Highway,,
Hiking,,
Hip-Hop,,
Historical Events,,
History,,
Holocausts,,
Home,,
Homelessness,,
Homophobia,,
Honesty,,
Honeybee,,
Hood(ies),,
Hope,,
Hopelessness,,
Horn,,
Horror Films,,
Horse,,
Hotel,,
Hours,,
House,,
Hubris,,
Human Body,,
Human Frailty,,
Human Rights,,
Human Rights Abuses,,
Humor,,
Hunger,,
Hunting,,
Hybrid Animals,,
Hypocrisy,,
Idealism,,
Identity,,
Illegal Drugs,,
Image Mediation,,
Image Oversaturation,,
Immigration,,
Immobility,,
Immortality,,
Impermanence,,
Imprisonment,,
Incarceration,,
Incense,,
Incest,,
Incubus,,
Indigenous Peoples,,
Industrial Agriculture,,
Industrialism,,
Infamy/Fame,,
Infinity,,
Information,,
Injustice,,
Innocence,,
Insects,,
Intersectionality,,
Islam,,
Insomnia,,
Intellectual Labor,,
Internet,,
Intimacy,,
Inventory,,
Iraqi War,,
Iris,,
Islam,,
Island,,
Isolation,,
Jazz,,
Jesus,,
Jet Lag,,
Jets,,
Joke,,
Journey,,
Judaism,,
Jungle,,
Justice,,
Kabalism,,
Kangaroo,,
Key,,
King,,
Kiss,,
Kitchen,,
Kitsch,,
Knee,,
Knife,,
Knowledge,,
Koran,,
Labor,,
Labyrinth,,
Ladder,,
Ladders,,
Lake,,
Lamp,,
Landscape,,
Language,,
Law,,
Laws of Physics,,
Leadership,,
Leg,,
Legacy,,
Legal Drugs,,
LGBQT,,
Liberalism,,
Liberty,,
Light,,
Light,,
Lightning,,
Lily,,
Limits,,
Linguistics,,
Literature,,
Liver,,
Lock,,
Logic,,
Loneliness,,
Longing,,
Los Angeles,,
Los Angeles River,,
Loss,,
Lotus,,
Love,,
Luggage,,
Lying,,
Lyre,,
Magazine,,
Magical Beings,,
Magical Plants,,
Magic Realism,,
Man,,
Mandala,,
Mandrake,,
Manifest Destiny,,
Manual Labor,,
Maps,,
Market,,
Marsh,,
Masculinity,,
Mask,,
Mass Media,,
Masturbation,,
Materialism,,
Materiality,,
Maternity,,
Mathematics,,
Matriarchy,,
Mausoleums,,
Mazes,,
Media,,
Medical History,,
Medicine,,
Mediocrity,,
Meditation,,
Memes,,
Memorials,,
Memories,,
Memory,,
Menstruation,,
Mental Health,,
Mental Illness,,
Mermaid,,
Metal,,
Metamorphosis,,
Metanarrative,,
Metaphor,,
Metonym,,
MeToo,,
Micro/Macro,,
Mindfulness,,
Mindlessness,,
Minimalism,,
Mining,,
Mirror,,
Misinterpretation,,
Misunderstanding,,
Mobility,,
Modernism,,
Monarchy,,
Money,,
Money,,
Monkey,,
Monuments,,
Moon,,
Morality,,
Moral obligation,,
Mortality,,
Mosquito,,
Moth,,
Motherhood,,
Mountain,,
Mountains,,
Mourning,,
Mouse,,
Mouth,,
Movement,,
Moving Image,,
Mummy,,
Murder,,
Murder,,
Murder Mystery,,
Muse,,
Museum,,
Mushroom,,
Mysticism,,
Myth,,
Mythical Beings,,
Nail,,
Naïveté,,
Nanotechnology,,
Narcissism,,
Narrative,,
Nationalism,,
National Parks,,
Natural Resources,,
Nature,,
Nature vs. Nurture,,
Neck,,
Necklace,,
Neocolonialism,,
Net,,
Networks,,
Neuroscience,,
New Media/Press,,
"Newton, Sir Isaac",,
Niche,,
Nietzsche,,
Night,,
Nihilism,,
Nirvana,,
Noise,,
Noise Pollution,,
Nonnarrative,,
Normalcy,,
Nose,,
Nostalgia,,
Notoriety,,
Nuclear,,
Nuclear Energy,,
Nuclear War,,
Oak Tree,,
Obesity,,
Objectivity,,
Objects,,
Obsession,,
Occult,,
Ocean,,
Oceans,,
Octopus,,
Oedipus,,
Oedipus Complex,,
Oligarchy,,
Olive Tree,,
One,,
Optical Illusions,,
Optimism,,
Orange,,
Organic,,
Organization,,
Orientalism,,
Originality,,
Original Sin,,
Origin Myths,,
Origins,,
Orphan,,
Oven,,
Owl,,
Oyster,,
Painting,,
Palm Tree,,
Participation,,
Password,,
Path,,
Patriarchy,,
Pattern,,
Peace,,
Peach,,
Peacock,,
Pearl,,
Pedophelia,,
Penal System,,
Permanence,,
Personal Journey,,
Personal Memory,,
Perspective,,
Pessimism,,
Phenomenology,,
Philology,,
Philosopher Kings,,
Philosophy,,
Phlegm,,
Phoenix,,
Phone,,
Phone Booth,,
Photography,,
Phrenology,,
Physical Illness,,
Physical Pain,,
Physical Perfection,,
Physics,,
Pig,,
Pillar,,
Pine Tree,,
Place,,
Planned Obsolescence,,
Plastic,,
Platonism,,
Play,,
Plow,,
Plutocracy,,
Poetry,,
Poison,,
Political Power,,
Political Violence,,
Pomegranate,,
Pond,,
Pool,,
Popular Culture,,
Pornography,,
Portrait,,
Postmodernism,,
Potter,,
Poverty,,
Practice,,
Prayer,,
Presidency,,
Primordial Creatures,,
Print,,
Prison,,
Privacy,,
Private Property,,
Privilege,,
Production,,
Progress,,
Propaganda,,
Prophets,,
Prosperity,,
Prostitute,,
Protest,,
Psyche,,
Psychoanalysis,,
Psychology,,
PTSD,,
Puberty,,
Public Policy,,
Public Transportation,,
Pugilism,,
Punishment,,
Punk Music,,
Puppetry,,
Purple,,
Purse,,
Quantum Physics,,
Queen,,
Queer,,
Questionnaire,,
Quetzalcoatl,,
Rabbit,,
Race,,
Racism,,
Radio,,
Rain,,
Rainbow,,
Rat,,
Raven,,
Reality,,
Rebirth,,
Recreation,,
Recycling,,
Red,,
Refrigerator,,
Refugee Crises,,
Refugees,,
Regionalism,,
Regulations,,
Reinterpretation,,
Relativity,,
Religion,,
Religious Iconography,,
Remote Control,,
Repetition,,
Revolution,,
Revolutionary War,,
Rhetoric,,
Rhythm,,
Ring,,
Rites of Passage,,
Ritual,,
Ritual,,
River,,
Road,,
Robotics,,
Rock and Roll,,
Romance,,
Romanticism,,
Rom-Coms,,
Rooster,,
Roots,,
Rose,,
Routine,,
Ruins,,
Rules,,
Rural,,
Rust,,
Sacred and Profane,,
Sacred Space,,
Sacred Systems,,
Saliva,,
Salt,,
Sanitation,,
Scale,,
Scarab,,
School,,
Science,,
Science Fiction,,
Scientific Method,,
Scissors,,
Scorpion,,
Sea,,
Security,,
Self,,
Self-help,,
Semiotics,,
Sensuality,,
Seven Sins,,
Sewing,,
Sexism,,
Sexuality,,
Sexual Union,,
Shadow,,
Shamanism,,
Shape-Shifting,,
Sheep,,
Shell,,
Ship,,
Shipping,,
Shipping Container,,
Shipwreck,,
Shoe,,
Shopping Mall,,
Sibling,,
Sibling Rivalry,,
Sickness,,
Silence,,
Simulacra,,
Simulation,,
Siren,,
Sisterhood,,
Situation,,
Skin,,
Sky,,
Slavery,,
Slaying,,
Sleep,,
Sloth,,
Slow Food,,
Smell,,
Snail,,
Snake,,
Snow,,
Soap Opera,,
Socialism,,
Social Justice,,
Social Media,,
Society,,
Sock,,
Solstice,,
Soul,,
Sound,,
Souvenir,,
Sowing,,
Space,,
Space Travel,,
Spark,,
Spear,,
Spectacle,,
Sperm,,
Spider,,
Spine,,
Spinning,,
Spiral,,
Spirituality,,
Spleen,,
Sports,,
Stairs,,
Stairway,,
Star,,
Starvation,,
Stele,,
Still Life,,
Stone,,
Storm,,
Story,,
Stranger,,
Street,,
Structures,,
Studio,,
Subatomic Physics,,
Subjectivity,,
Sublime,,
Suburbia,,
Subway,,
Success,,
Succubus,,
Suicide,,
Sun,,
Sunrise,,
Sunset,,
Superheroes,,
Superman,,
Supreme Court,,
Surrealism,,
Surveillance,,
Sustainability,,
Swimming,,
Sword,,
Systems,,
Table,,
Taboos,,
Taste,,
Tears,,
Teeth,,
Telephone,,
Television,,
Temple,,
Terra Incognita,,
Terrorism,,
Texture,,
The Gaze,,
The Other,,
Theater of the Absurd,,
Thief,,
Thigh,,
Thistle,,
Thread,,
Throat,,
Throne,,
Thunder,,
Time,,
Time Travel,,
Toad,,
Toilet,,
Tongue,,
Torah,,
Tortoise,,
Torture,,
Touch,,
Tourism,,
Tower,,
Tradition,,
Traffic,,
Train,,
Transformation,,
Transgender,,
Transition,,
Translation,,
Transportation,,
Transubstantiation of Christ,,
Trauma,,
Travel,,
Treason,,
Tree,,
Trumpet,,
Truth,,
Tumor,,
Tunnel,,
Turtle,,
Ugliness,,
Umbrella,,
Uncertainty,,
Unicorn,,
Upheaval,,
Urban Development,,
Urbanism,,
Urine,,
US Constitution,,
Utopia,,
Valley,,
Vampire,,
Veil,,
Vernacular,,
Vernacular Architecture,,
Video Gaming,,
Vietnam War,,
Violence,,
Virtual Reality,,
Vomit,,
Walking,,
Walruses,,
Wanderlust,,
War,,
War on Terror,,
Warrior,,
Waste,,
Waste Management,,
Water,,
Water Creatures,,
Waterfall,,
Watts Uprising,,
Wealth,,
Weather,,
Weaving,,
Web,,
Well,,
Westernization,,
Whales,,
Whale Song,,
Wheel,,
Whirlpool,,
White,,
White Privilege,,
Wild Animals,,
Wind,,
Window,,
Witch,,
Wolf,,
Woman,,
Womb,,
Women’s Resistance,,
Wonder Woman,,
Wood,,
Work,,
Worm,,
Wound,,
Wrapping,,
Wreath,,
Yakshi,,
Yellow,,
Yoga,,
Zero,,
Zombies,,
Zoology,,
Zoos,,